"","X","predator","q0","q1","q2","chao1","species","site","age","time_min","time_hour","day","month","year.x","beak_colour","color","temperature","clouds","clouds_height","winds","precipitation","fresh_snow","snow_height","cover_snow","elevation","weight","fat","muscle","sex_genetics","timekey","key_m100","capture_day","E1","E1_adj","total_ra","anthropo_ra","failures","ringnr","recapture","year.y","recap_num","nrecapture"
"1",1,"N566714",67,1.68323613470298,0.733896826826888,67,"Montifringilla nivalis","Tiefenbach",6,30,15,18,1,2023,2.5,"grey",-11,1,NA,2,"no",3,NA,98,2102,45,5,1,"m","2023-01-18 15:30","2023-01-18 13:50:00","2023-01-18",0.0251229273836266,0.0300185673075067,3454709,491175,2963534,566714,"first capture",2016,0,5
"2",2,"N566785",1,0,0,1,"Montifringilla nivalis","Tiefenbach",6,25,8,28,3,2024,9,"black",-3,8,NA,0,"snow",35,NA,97,2102,38.5,3,2,"m","2024-03-28 08:25","2024-03-28 06:45:00","2024-03-28",0,0.00515463917525773,246693,246693,0,566785,"first capture",2018,0,3
"3",3,"N566881",69,1.36219123509121,0.676375632118745,69,"Montifringilla nivalis","Tiefenbach",6,3,8,11,3,2025,7.5,"black",NA,7,3200,0,"no",0,150,96,2102,39,3,2,"f","2025-03-11 08:03","2025-03-11 06:23:00","2025-03-11",0.0197419019578436,0.0246930163706494,4159692,2057700,2101992,566881,"first capture",2022,0,1
"4",4,"N588106",35,2.08873735846975,0.839971384015398,35,"Montifringilla nivalis","Corviglia",6,5,12,25,1,2023,4,"grey",-4,1,NA,1,"no",0,NA,98,2473,45,5,1,"m","2023-01-25 12:05","2023-01-25 10:25:00","2023-01-25",0.0596782102419929,0.0642176101364053,2655937,187162,2468775,588106,"first capture",2020,0,1
"5",5,"N588150",1,0,0,1,"Montifringilla nivalis","Tiefenbach",6,25,8,28,3,2024,10,"black",-3,8,NA,0,"snow",35,NA,97,2102,36.5,3,2,"m","2024-03-28 08:25","2024-03-28 06:45:00","2024-03-28",0,0.00515463917525773,3188342,3188342,0,588150,"first capture",2020,0,5
"6",6,"N588266",39,1.63316643828845,0.681932541550862,39,"Montifringilla nivalis","Tiefenbach",6,35,17,27,3,2024,NA,"black",-2,8,NA,0,"no",30,NA,97,2102,40,3,2,"m","2024-03-27 17:35","2024-03-27 15:55:00","2024-03-27",0.0418760625202167,0.0465989897107299,3221790,6651,3215139,588266,"first capture",2020,0,2
"7",7,"N588285",60,1.30123832941305,0.494551086696783,60,"Montifringilla nivalis","Tiefenbach",6,35,17,27,3,2024,9.5,"grey",-2,8,NA,0,"no",30,NA,97,2102,37.5,3,2,"m","2024-03-27 17:35","2024-03-27 15:55:00","2024-03-27",0.0216873054902175,0.0266183641965039,3413070,58539,3354531,588285,"first capture",2022,0,5
"8",8,"N630062",128,0.635966372915582,0.226100613926468,128,"Montifringilla nivalis","Tiefenbach",5,55,13,10,2,2024,3,"black",0,7,NA,2,"no",10,NA,92,2102,46.5,4,2,"f","2024-02-10 13:55","2024-02-10 12:15:00","2024-02-10",0.00496848728840298,0.0100719049452236,3619397,3183151,436246,630062,"first capture",2024,0,1
"9",9,"N630068",5,0.938980802510906,0.562210315260822,5,"Montifringilla nivalis","Tiefenbach",6,43,11,8,1,2025,1.5,"black",-3.2,8,2100,3,"snow",10,49,100,2102,47.5,4,2,"m","2025-01-08 11:43","2025-01-08 10:03:00","2025-01-08",0.187796160502181,0.191014756785664,641325,370312,271013,630068,"first capture",2024,0,4
"10",10,"N630074",4,0.531384231328369,0.270750235215956,4,"Montifringilla nivalis","Tiefenbach",6,43,11,8,1,2025,1.5,"black",-3.2,8,2100,3,"snow",10,49,100,2102,52,5,2,"m","2025-01-08 11:43","2025-01-08 10:03:00","2025-01-08",0.132846057832092,0.13663115001939,2676114,2514313,161801,630074,"first capture",2024,0,3
"11",11,"N630081",11,0.534265365864297,0.338140667428042,11,"Montifringilla nivalis","Tiefenbach",6,25,8,28,3,2024,9,"black",-3,8,NA,0,"snow",35,NA,97,2102,39,3,2,"m","2024-03-28 08:25","2024-03-28 06:45:00","2024-03-28",0.0485695787149361,0.0532235005838543,2801298,2795465,5833,630081,"first capture",2024,0,1
"12",12,"N630103",45,0.446352824971813,0.16862325605815,45,"Montifringilla nivalis","Distelboden",6,5,15,23,2,2024,6,"black",NA,7,NA,1,"no",10,NA,97,1898,44.5,5,2,"m","2024-02-23 15:05","2024-02-23 13:25:00","2024-02-23",0.00991895166604029,0.0149713336076275,3170968,169281,3001687,630103,"first capture",2022,0,3
"13",13,"N630119",19,0.399203414103254,0.13837937851072,19,"Montifringilla nivalis","Distelboden",6,0,11,25,2,2023,6,"white",-2,8,NA,0,"no",10,NA,97,1898,40.5,4,2,"f","2023-02-25 11:00","2023-02-25 09:20:00","2023-02-25",0.0210107060054344,0.0259487399641413,2965757,2754457,211300,630119,"first capture",2022,0,1
"14",14,"N630136",35,1.49279364961816,0.641361394621801,35,"Montifringilla nivalis","Tiefenbach",6,35,17,27,3,2024,8,"black",-2,8,NA,0,"no",30,NA,97,2102,41,3,2,"f","2024-03-27 17:35","2024-03-27 15:55:00","2024-03-27",0.0426512471319474,0.0473661827285253,2517557,598476,1919081,630136,"first capture",2022,0,4
"15",15,"N630139",46,0.854822108921817,0.382810707214046,46,"Montifringilla nivalis","Tiefenbach",6,25,10,18,1,2023,2.5,"white",-11,1,NA,2,"no",3,NA,98,2102,41,4,1,"m","2023-01-18 10:25","2023-01-18 08:45:00","2023-01-18",0.0185830893243873,0.0235461502591875,3500781,2710109,790672,630139,"first capture",2022,0,2
"16",16,"N630145",1,0,0,1,"Montifringilla nivalis","Tiefenbach",6,43,11,8,1,2025,1,"black",-3.2,8,2100,3,"snow",10,49,100,2102,49.5,4,2,"m","2025-01-08 11:43","2025-01-08 10:03:00","2025-01-08",0,0.00515463917525773,45228,0,45228,630145,"first capture",2023,0,2
"17",17,"N630146",2,0.662704837586518,0.469867846238802,2,"Montifringilla nivalis","Tiefenbach",6,45,9,10,2,2024,3.5,"grey",0,7,NA,2,"snow",10,NA,96,2102,47.5,5,2,"m","2024-02-10 09:45","2024-02-10 08:05:00","2024-02-10",0.331352418793259,0.33309105365106,345903,345903,0,630146,"first capture",2023,0,3
"18",18,"N630167",4,0.115336851038545,0.0447523881814328,4,"Montifringilla nivalis","Tiefenbach",6,15,8,1,4,2023,8.5,"grey",-4,8,NA,0,"snow",10,NA,98,2102,37.5,2,1,"f","2023-04-01 08:15","2023-04-01 06:35:00","2023-04-01",0.0288342127596363,0.0336915920095369,2426593,2375541,51052,630167,"first capture",2022,0,1
"19",19,"N630186",35,0.516366133204145,0.199787794949511,35,"Montifringilla nivalis","Distelboden",4,30,11,12,1,2023,1,"white",0,8,NA,2,"no",10,NA,94,1898,50,5,1,"m","2023-01-12 11:30","2023-01-12 09:50:00","2023-01-12",0.014753318091547,0.0197558612040053,3627508,3405117,222391,630186,"first capture",2023,0,0
"20",20,"N630187",31,0.755648975214467,0.363346685449521,31,"Montifringilla nivalis","Distelboden",4,30,11,12,1,2023,2,"white",0,8,NA,2,"no",10,NA,94,1898,49.5,6,2,"f","2023-01-12 11:30","2023-01-12 09:50:00","2023-01-12",0.0243757733940151,0.0292791159363448,3292298,3072315,219983,630187,"first capture",2023,0,0
"21",21,"N630191",50,2.07641706084987,0.823461377343552,50,"Montifringilla nivalis","Tiefenbach",5,25,10,18,1,2023,3,"white",-11,1,NA,2,"no",3,NA,98,2102,36.5,4,1,"m","2023-01-18 10:25","2023-01-18 08:45:00","2023-01-18",0.0415283412169974,0.0462548531632139,3058861,842537,2216324,630191,"first capture",2023,0,0
"22",22,"N630193",25,1.71090339220069,0.732031238993023,25,"Montifringilla nivalis","Tiefenbach",5,25,10,18,1,2023,2,"white",-11,1,NA,2,"no",3,NA,98,2102,39.5,3,1,"f","2023-01-18 10:25","2023-01-18 08:45:00","2023-01-18",0.0684361356880276,0.0728852476912438,3493870,458695,3035175,630193,"first capture",2023,0,0
"23",23,"N630199",169,1.29628222431163,0.550065968021398,169,"Montifringilla nivalis","Tiefenbach",6,25,12,28,2,2024,7,"black",-2,8,NA,NA,"no",2,NA,97,2102,42,3,2,"m","2024-02-28 12:25","2024-02-28 10:45:00","2024-02-28",0.00767030901959544,0.0127458728441357,3859669,2466247,1393422,630199,"first capture",2023,0,1
"24",24,"N630200",9,1.33565461315921,0.679705335564448,9,"Montifringilla nivalis","Tiefenbach",5,0,10,19,1,2023,3,"white",-12,2,NA,0,"no",20,NA,98,2102,43.5,5,1,"f","2023-01-19 10:00","2023-01-19 08:20:00","2023-01-19",0.148406068128801,0.152030747838813,1930821,0,1930821,630200,"first capture",2023,0,0
"25",25,"N630278",1,0,0,1,"Montifringilla nivalis","Distelboden",4,5,15,23,2,2024,5,"black",NA,7,NA,1,"no",10,NA,97,1898,41.5,3,2,"m","2024-02-23 15:05","2024-02-23 13:25:00","2024-02-23",0,0.00515463917525773,76871,76871,0,630278,"first capture",2024,0,0
"26",26,"N630281",2,0.552146649127208,0.365762849579483,2,"Montifringilla nivalis","Tiefenbach",5,5,9,28,2,2024,5.5,"black",-2,8,NA,NA,"no",2,NA,97,2102,45,5,2,"f","2024-02-28 09:05","2024-02-28 07:25:00","2024-02-28",0.276073324563604,0.278381846990783,3562375,3562375,0,630281,"first capture",2024,0,0
"27",27,"N630285a",8,0.27310338877534,0.106218678923872,8,"Montifringilla nivalis","Tiefenbach",4,20,8,18,4,2024,9,"black",-9,8,NA,0,"snow",10,NA,97,2102,37.5,1,2,"m","2024-04-18 08:20","2024-04-18 06:40:00","2024-04-18",0.0341379235969175,0.038940625415506,4020524,3799199,221325,630285,"first capture",2024,0,4
"28",28,"N630285b",24,0.334263792165136,0.114644695085665,24,"Montifringilla nivalis","Tiefenbach",5,12,9,28,2,2024,4.5,"black",-2,8,NA,NA,"no",2,NA,97,2102,40,4,2,"m","2024-02-28 09:12","2024-02-28 07:32:00","2024-02-28",0.0139276580068807,0.0189387130789747,3517032,3343773,173259,630285,"first capture",2024,0,4
"29",29,"N630300",126,2.08877950967682,0.843963560061734,126,"Montifringilla nivalis","Tiefenbach",5,25,12,28,2,2024,4,"black",-2,8,NA,NA,"no",2,NA,97,2102,35,3,2,"f","2024-02-28 12:25","2024-02-28 10:45:00","2024-02-28",0.0165776151561652,0.0215613510823903,3971669,1654208,2317461,630300,"first capture",2024,0,0
"30",30,"N630351",1,0,0,1,"Montifringilla nivalis","Distelboden",4,30,11,12,1,2023,2,"grey",0,8,NA,2,"no",10,NA,94,1898,49,5,1,"f","2023-01-12 11:30","2023-01-12 09:50:00","2023-01-12",0,0.00515463917525773,200379,200379,0,630351,"first capture",2021,0,1
"31",31,"N630502",41,1.61891228403123,0.716970087171925,41,"Montifringilla nivalis","Tiefenbach",6,30,15,18,1,2023,3,"white",-11,1,NA,2,"no",3,NA,98,2102,43.5,6,1,"f","2023-01-18 15:30","2023-01-18 13:50:00","2023-01-18",0.0394856654641763,0.0442332359233085,3288298,34117,3254181,630502,"first capture",2020,0,2
"32",32,"N630511",21,0.161521472418878,0.0519396509121973,21,"Montifringilla nivalis","Tiefenbach",6,25,10,18,1,2023,2,"grey",-11,1,NA,2,"no",3,NA,98,2102,47.5,5,1,"m","2023-01-18 10:25","2023-01-18 08:45:00","2023-01-18",0.00769149868661324,0.0127668440609781,3859279,3757220,102059,630511,"first capture",2020,0,3
"33",33,"N630530",6,0.0450197266143583,0.011977775870059,6,"Montifringilla nivalis","Distelboden",6,55,12,24,3,2024,6.5,"grey",-5,8,NA,1,"snow",15,NA,97,1898,41,3,2,"f","2024-03-24 12:55","2024-03-24 11:15:00","2024-03-24",0.00750328776905972,0.0125805734621622,3341533,3329989,11544,630530,"first capture",2020,0,2
"34",34,"N630630",5,0.0393213154626942,0.0121006724387284,5,"Montifringilla nivalis","Distelboden",6,52,9,13,3,2025,9,"black",NA,8,1900,2,"snow",10,160,100,1899,41,3,2,"m","2025-03-13 09:52","2025-03-13 08:12:00","2025-03-13",0.00786426309253884,0.0129378273905539,3624770,3622334,2436,630630,"first capture",2021,0,2
"35",35,"N630641",96,1.73370080471855,0.73300446990683,96,"Montifringilla nivalis","Tiefenbach",6,35,17,27,3,2024,10,"black",-2,8,NA,0,"no",30,NA,97,2102,43,3,2,"m","2024-03-27 17:35","2024-03-27 15:55:00","2024-03-27",0.0180593833824849,0.0230278433476139,2946801,409543,2537258,630641,"first capture",2021,0,3
"36",36,"N630740",75,1.4072856052647,0.621908971903961,75,"Montifringilla nivalis","Tiefenbach",6,35,17,27,3,2024,9.5,"black",-2,8,NA,0,"no",30,NA,97,2102,37,3,2,"m","2024-03-27 17:35","2024-03-27 15:55:00","2024-03-27",0.018763808070196,0.0237250059251424,3858410,132752,3725658,630740,"first capture",2021,0,1
"37",37,"N630803",54,0.511048161916879,0.209974448542529,54,"Montifringilla nivalis","Distelboden",6,30,11,12,1,2023,2,"grey",0,8,NA,2,"no",10,NA,94,1898,53.5,6,2,"m","2023-01-12 11:30","2023-01-12 09:50:00","2023-01-12",0.00946385485031257,0.0145209285116496,3671233,3252701,418532,630803,"first capture",2022,0,2
"38",38,"N630810a",20,0.0712184491099421,0.021071808930901,20,"Montifringilla nivalis","Tiefenbach",6,15,11,1,4,2023,9.5,"grey",-3,8,NA,0,"snow",10,NA,98,2102,40,2,1,"m","2023-04-01 11:15","2023-04-01 09:35:00","2023-04-01",0.00356092245549711,0.00867885108997652,3256446,3221877,34569,630810,"first capture",2022,0,3
"39",39,"N630980",13,1.40518208507566,0.661300015751383,13,"Montifringilla nivalis","Tiefenbach",6,25,10,18,1,2023,2,"grey",-11,1,NA,2,"no",3,NA,98,2102,45.5,5,1,"f","2023-01-18 10:25","2023-01-18 08:45:00","2023-01-18",0.108090929621205,0.112131229315831,2909626,1828991,1080635,630980,"first capture",2021,0,2
"40",40,"N687069",8,0.0234396733099732,0.00550702449582241,8,"Montifringilla nivalis","Tiefenbach",5,20,8,1,4,2023,9,"grey",-4,8,NA,0,"snow",10,NA,98,2102,37,3,1,"f","2023-04-01 08:20","2023-04-01 06:40:00","2023-04-01",0.00292995916374665,0.00805439257442967,3439595,3430439,9156,687069,"first capture",2023,0,2
"41",41,"N687069a",79,0.487252732848278,0.16543868356248,79,"Montifringilla nivalis","Tiefenbach",4,35,17,27,3,2024,8,"grey",-2,8,NA,0,"no",30,NA,97,2102,40.5,3,2,"f","2024-03-27 17:35","2024-03-27 15:55:00","2024-03-27",0.00616775611200352,0.0112588101727045,3504144,2155,3501989,687069,"first capture",2023,0,2
"42",42,"N687071",5,0.00468729002504412,0.00108234678277064,5,"Montifringilla nivalis","Tiefenbach",6,35,8,1,4,2023,10,"grey",-4,8,NA,0,"snow",10,NA,98,2102,38.5,3,2,"m","2023-04-01 08:35","2023-04-01 06:55:00","2023-04-01",0.000937458005008824,0.006082432664751,3573674,3571739,1935,687071,"first capture",2023,0,1
"43",43,"N687078",44,1.85451506201579,0.758220175321519,44,"Montifringilla nivalis","Tiefenbach",6,55,8,11,3,2025,6.5,"grey",NA,5,3200,0,"no",0,150,96,2102,39,3,2,"m","2025-03-11 08:55","2025-03-11 07:15:00","2025-03-11",0.042148069591268,0.0468681925851724,2723268,1360600,1362668,687078,"first capture",2023,0,1
"44",44,"N687099",113,1.02748388649347,0.395063145689956,113,"Montifringilla nivalis","Distelboden",5,0,10,25,2,2023,4,"grey",-2,8,NA,0,"no",10,NA,97,1898,37,2,2,"m","2023-02-25 10:00","2023-02-25 08:20:00","2023-02-25",0.00909277775657938,0.0141536769549652,3685451,327289,3358162,687099,"first capture",2023,0,1
"45",45,"N687131",30,1.2959329481315,0.586405305458909,30,"Montifringilla nivalis","Corviglia",6,10,11,25,1,2023,4,"white",-4,1,NA,1,"no",0,NA,98,2473,54.5,6,1,"f","2023-01-25 11:10","2023-01-25 09:30:00","2023-01-25",0.0431977649377167,0.0479070663301113,3789142,42894,3746248,687131,"first capture",2023,0,0
"46",46,"N687138",58,1.99411839357193,0.760994820090581,58,"Montifringilla nivalis","Corviglia",6,5,12,25,1,2023,2,"white",-4,1,NA,1,"no",0,NA,98,2473,45,5,1,"f","2023-01-25 12:05","2023-01-25 10:25:00","2023-01-25",0.0343813516133091,0.0391815438647183,3235389,107508,3127881,687138,"first capture",2023,0,0
"47",47,"N687140",40,1.66341767865111,0.702226671258533,40,"Montifringilla nivalis","Corviglia",5,5,12,25,1,2023,NA,"white",-4,1,NA,1,"no",0,NA,98,2479,43.5,4,1,"m","2023_1_25_12_5","2023-01-25 10:25:00",NA,0.0415854419662777,0.0463113652449759,3221347,231339,2990008,687140,"first capture",2023,0,0
"48",48,"N687153",9,0.622124118788298,0.337459534493974,9,"Montifringilla nivalis","Arosa",4,49,11,2,2,2023,2,"grey",-3,8,NA,1,"snow",5,NA,96,1898,39,4,1,"m","2023-02-02 11:49","2023-02-02 10:09:00","2023-02-02",0.0691249020875887,0.0735669134062733,3497148,2977342,519806,687153,"first capture",2023,0,0
"49",49,"N687158",5,0.885133117259151,0.47637313642178,5,"Montifringilla nivalis","Arosa",4,0,14,2,2,2023,3,"grey",-3,8,NA,1,"snow",5,NA,96,1898,42,4,1,"f","2023-02-02 14:00","2023-02-02 12:20:00","2023-02-02",0.17702662345183,0.180356245890471,2561479,2263372,298107,687158,"first capture",2023,0,0
"50",50,"N687397",92,1.86188242347367,0.750371704049804,92,"Montifringilla nivalis","Tiefenbach",5,55,13,10,2,2024,4,"black",0,7,NA,2,"no",10,NA,92,2102,45,5,2,"f","2024-02-10 13:55","2024-02-10 12:15:00","2024-02-10",0.0202378524290616,0.0251838539504115,3486890,2403908,1082982,687397,"first capture",2024,0,0
"51",51,"N687435",130,1.31279140042656,0.537931590628651,130,"Montifringilla nivalis","Tiefenbach",4,0,17,27,3,2024,6,"black",-2,8,NA,0,"no",30,NA,97,2102,40,3,2,"f","2024-03-27 17:00","2024-03-27 15:20:00","2024-03-27",0.0100983953878966,0.015148927394207,3852636,2801258,1051378,687435,"first capture",2024,0,1
"52",52,"N687442",6,0.410214636597289,0.194362407782306,6,"Montifringilla nivalis","Tiefenbach",6,25,8,28,3,2024,7.5,"black",-3,8,NA,0,"snow",35,NA,97,2102,39,3,2,"f","2024-03-28 08:25","2024-03-28 06:45:00","2024-03-28",0.0683691060995482,0.0728189091294497,2729616,2591393,138223,687442,"first capture",2024,0,0
"53",53,"N687471",188,1.681030385193,0.662852010884028,188,"Montifringilla nivalis","Distelboden",6,23,11,13,2,2025,6,"black",NA,7,2400,2,"snow",0,39,91,1899,42,4,2,"m","2025-02-13 11:23","2025-02-13 09:43:00","2025-02-13",0.00894165098506915,0.0140041081914086,4328391,3446,4324945,687471,"first capture",2024,0,1
"54",54,"N687481",9,0.584987229437953,0.283562771481849,9,"Montifringilla nivalis","Tiefenbach",5,15,15,17,4,2024,8.5,"black",-6,8,NA,3,"snow",25,NA,97,2102,36.5,3,2,"f","2024-04-17 15:15","2024-04-17 13:35:00","2024-04-17",0.0649985810486614,0.0694831317595,3789465,3535788,253677,687481,"first capture",2024,0,0
"55",55,"N687487",65,1.42617029781241,0.576117079294995,65,"Montifringilla nivalis","Tiefenbach",6,11,11,12,2,2025,4.5,"black",NA,7,3000,1,"no",0,80,90,2102,47,5,2,"m","2025-02-12 11:11","2025-02-12 09:31:00","2025-02-12",0.0219410815048063,0.0268695239635196,3689647,300360,3389287,687487,"first capture",2024,0,1
"56",56,"N687560",4,0.858140478051363,0.537693989006871,4,"Montifringilla nivalis","Tiefenbach",6,47,9,8,1,2025,2,"black",-3.2,8,2100,3,"snow",10,49,100,2102,43,4,2,"m","2025-01-08 09:47","2025-01-08 08:07:00","2025-01-08",0.214535119512841,0.217478056425079,448974,198337,250637,687560,"first capture",2025,0,0
"57",57,"N687567",1,0,0,1,"Montifringilla nivalis","Tiefenbach",NA,43,11,8,1,2025,1.5,"black",-3.2,8,2100,3,"snow",10,49,100,2102,50,5,2,"m","2025-01-08 11:43","2025-01-08 10:03:00","2025-01-08",0,0.00515463917525773,159048,159048,0,687567,"first capture",2025,0,0
"58",58,"N687569",27,0.362105714587293,0.136376369018468,27,"Montifringilla nivalis","Tiefenbach",4,43,11,8,1,2025,2.5,"black",-3.2,8,2100,3,"snow",10,49,100,2102,47,4,2,"f","2025-01-08 11:43","2025-01-08 10:03:00","2025-01-08",0.0134113227624923,0.0184277008783429,3793349,3649902,143447,687569,"first capture",2025,0,1
"59",59,"N687573a",123,1.54130320633049,0.676709914329554,123,"Montifringilla nivalis","Tiefenbach",6,45,9,11,2,2025,4,"black",-3,6,2300,1,"no",0,80,90,2102,44,4,2,"m","2025-02-11 09:45","2025-02-11 08:05:00","2025-02-11",0.0125309203766706,0.0175563748057771,2998132,1486228,1511904,687573,"first capture",2025,0,2
"60",60,"N687580",181,1.99268246142521,0.805188475346222,181,"Montifringilla nivalis","Distelboden",6,5,14,9,1,2025,2,"black",-2,8,2600,3,"snow",1,51,97,1899,42.5,3,2,"m","2025-01-09 14:05","2025-01-09 12:25:00","2025-01-09",0.0110092953669901,0.0160504366518665,4190353,1144288,3046065,687580,"first capture",2025,0,0
"61",61,"N687588",28,0.766857937908944,0.373058037253262,28,"Montifringilla nivalis","Distelboden",5,45,9,13,3,2025,5,"black",NA,8,1900,2,"snow",10,160,100,1899,31.5,3,2,"f","2025-03-13 09:45","2025-03-13 08:05:00","2025-03-13",0.027387783496748,0.0322600743885341,4003788,3271709,732079,687588,"first capture",2025,0,1
"62",62,"N687589",53,0.982652169095807,0.549768678697896,53,"Montifringilla nivalis","Distelboden",4,57,15,9,1,2025,1.5,"black",2,8,2500,4,"snow",1,140,98,1899,45,3,2,"m","2025-01-09 15:57","2025-01-09 14:17:00","2025-01-09",0.0185406069640718,0.0235041058613494,3362470,7031,3355439,687589,"first capture",2025,0,0
"63",63,"N687590",97,1.16534188818386,0.59391487787622,97,"Montifringilla nivalis","Distelboden",6,57,15,9,1,2025,2,"black",2,8,2500,4,"snow",1,140,98,1899,48,4,2,"m","2025-01-09 15:57","2025-01-09 14:17:00","2025-01-09",0.0120138338988027,0.0170446191163408,4274044,2315646,1958398,687590,"first capture",2025,0,0
"64",64,"N687602",85,2.49322820348129,0.890063401770185,85,"Montifringilla nivalis","Tiefenbach",4,18,16,10,3,2025,7,"black",NA,6,2500,1,NA,0,150,96,2102,42.5,3,2,"m","2025-03-10 16:18","2025-03-10 14:38:00","2025-03-10",0.0293320965115446,0.0341843429392606,3343468,572560,2770908,687602,"first capture",2025,0,0
"65",65,"N687603",57,1.8272701544003,0.774266764657336,57,"Montifringilla nivalis","Tiefenbach",4,18,16,10,3,2025,3.5,"black",NA,6,2500,1,NA,0,150,96,2102,38.5,4,2,"f","2025-03-10 16:18","2025-03-10 14:38:00","2025-03-10",0.0320573711298298,0.0368815219429244,3244992,1789346,1455646,687603,"first capture",2025,0,0
"66",66,"N687614",79,1.57878892885036,0.695879112681949,79,"Montifringilla nivalis","Tiefenbach",5,35,17,10,3,2025,5.5,"black",NA,6,2500,0,NA,0,150,96,2102,42,3,2,"f","2025-03-10 17:35","2025-03-10 15:55:00","2025-03-10",0.0199846699854476,0.0249332816350822,3712955,1626307,2086648,687614,"first capture",2025,0,0
"67",67,"N687615",4,0.718885048168271,0.497110040559111,4,"Montifringilla nivalis","Tiefenbach",4,35,17,10,3,2025,7,"black",NA,6,2500,0,NA,0,150,96,2102,43,3,2,"m","2025-03-10 17:35","2025-03-10 15:55:00","2025-03-10",0.179721262042068,0.183023104701428,448059,0,448059,687615,"first capture",2025,0,0
"68",68,"N687616",35,1.35256087198962,0.642883573391013,35,"Montifringilla nivalis","Tiefenbach",4,13,8,11,3,2025,4,"black",NA,7,3200,0,"no",0,150,96,2102,38.5,3,2,"f","2025-03-11 08:13","2025-03-11 06:33:00","2025-03-11",0.0386445963425606,0.0434008376173795,3301728,1742980,1558748,687616,"first capture",2025,0,0
"69",69,"N687618",53,1.8990090100067,0.772000441022478,53,"Montifringilla nivalis","Tiefenbach",6,26,8,11,3,2025,6,"black",NA,7,3200,0,"no",0,150,96,2102,40.5,4,2,"m","2025-03-11 08:26","2025-03-11 06:46:00","2025-03-11",0.0358303586793717,0.040615612713605,3298412,1396454,1901958,687618,"first capture",2025,0,0
"70",70,"N687620",173,1.41574761385247,0.578942637026908,173,"Montifringilla nivalis","Tiefenbach",4,30,8,11,3,2025,6,"black",NA,7,3200,0,"no",0,150,96,2102,41.5,4,2,"m","2025-03-11 08:30","2025-03-11 06:50:00","2025-03-11",0.00818351221880041,0.0132537852887097,3841023,723243,3117780,687620,"first capture",2025,0,0
"71",71,"N687624",137,1.52965764692591,0.696848691886783,137,"Montifringilla nivalis","Tiefenbach",4,30,8,11,3,2025,7,"black",NA,7,3200,0,"no",0,150,96,2102,41,3,2,"m","2025-03-11 08:30","2025-03-11 06:50:00","2025-03-11",0.0111653842841307,0.0162049164049129,3977890,1567282,2410608,687624,"first capture",2025,0,0
"72",72,"N687625",4,0.917277020228256,0.537091728402596,4,"Montifringilla nivalis","Tiefenbach",4,30,8,11,3,2025,7,"black",NA,7,3200,0,"no",0,150,96,2102,39,4,2,"f","2025-03-11 08:30","2025-03-11 06:50:00","2025-03-11",0.229319255057064,0.232109778200806,1016918,635580,381338,687625,"first capture",2025,0,0
"73",73,"N687629",5,0.120353168736288,0.040326659304987,5,"Montifringilla nivalis","Tiefenbach",4,41,8,11,3,2025,6.5,"black",NA,5,3200,0,"no",0,150,96,2102,41,4,2,"m","2025-03-11 08:41","2025-03-11 07:01:00","2025-03-11",0.0240706337472576,0.0289771220591415,3972979,3891714,81265,687629,"first capture",2025,0,0
"74",74,"N687637",193,1.34889120066182,0.63113114508609,193,"Montifringilla nivalis","Tiefenbach",4,44,8,12,3,2025,7,"black",NA,6,2500,1,"no",0,150,96,2102,40,3,2,"f","2025-03-12 08:44","2025-03-12 07:04:00","2025-03-12",0.00698907357855865,0.0120716604488828,3968922,1172109,2796813,687637,"first capture",2025,0,0
"75",75,"N687641",24,0.545397703756329,0.285130682724149,24,"Montifringilla nivalis","Distelboden",4,45,9,13,3,2025,6,"black",NA,8,1900,2,"snow",10,160,100,1899,39,3,2,"m","2025-03-13 09:45","2025-03-13 08:05:00","2025-03-13",0.0227249043231804,0.0276452661342816,4578572,3813755,764817,687641,"first capture",2025,0,0
"76",76,"N687642",6,0.795524194262135,0.439136433590442,6,"Montifringilla nivalis","Distelboden",5,45,9,13,3,2025,8,"black",NA,8,1900,2,"snow",10,160,100,1899,39,4,2,"f","2025-03-13 09:45","2025-03-13 08:05:00","2025-03-13",0.132587365710356,0.136375124826744,3878434,2805841,1072593,687642,"first capture",2025,0,0
"77",77,"N687664",2,0.599131732203459,0.408970014662008,2,"Montifringilla nivalis","Tiefenbach",5,49,10,17,4,2025,9.5,"black",-1,8,2100,1,"snow",25,40,98,2102,39,4,2,"f","2025-04-17 10:49","2025-04-17 09:09:00","2025-04-17",0.29956586610173,0.301632197379031,3328494,3328494,0,687664,"first capture",2025,0,0
"78",78,"N687665",5,0.246300942741613,0.124275405198764,5,"Montifringilla nivalis","Tiefenbach",6,8,11,17,4,2025,7.5,"black",-1,8,2100,1,"snow",25,40,98,2102,39,4,2,"m","2025-04-17 11:08","2025-04-17 09:28:00","2025-04-17",0.0492601885483226,0.0539069907282368,3907012,3906027,985,687665,"first capture",2025,0,0
"79",79,"N687668",1,0,0,1,"Montifringilla nivalis","Tiefenbach",4,20,13,17,4,2025,9.5,"black",2,8,2100,1,"no",25,40,98,2102,35,1,2,"m","2025-04-17 13:20","2025-04-17 11:40:00","2025-04-17",0,0.00515463917525773,210846,210846,0,687668,"first capture",2025,0,0
"80",80,"N687701",8,0.368580107924269,0.188234338850094,8,"Montifringilla nivalis","Distelboden",4,30,13,10,1,2025,2.5,"black",-9,8,2000,1,"snow",15,155,100,1899,46.5,4,2,"m","2025-01-10 13:30","2025-01-10 11:50:00","2025-01-10",0.0460725134905336,0.0507521782999096,3287250,3263147,24103,687701,"first capture",2025,0,0
"81",81,"N687703",6,0.430539046999648,0.244684922977088,6,"Montifringilla nivalis","Distelboden",6,30,13,10,1,2025,2,"black",-9,8,2000,1,"snow",15,155,100,1899,47,4,2,"m","2025-01-10 13:30","2025-01-10 11:50:00","2025-01-10",0.0717565078332747,0.0761713891958182,3280189,3262966,17223,687703,"first capture",2025,0,0
"82",82,"N687729",26,1.52472988679172,0.711387916589267,26,"Montifringilla nivalis","Tiefenbach",4,15,8,11,2,2025,2,"black",-3,6,2300,1,"no",0,80,90,2102,41.5,3,2,"m","2025-02-11 08:15","2025-02-11 06:35:00","2025-02-11",0.0586434571842969,0.0631935246360052,3599505,2011413,1588092,687729,"first capture",2025,0,0
"83",83,"N687730",20,1.15614486570433,0.580906600395976,20,"Montifringilla nivalis","Tiefenbach",4,15,8,11,2,2025,2,"black",-3,6,2300,1,"no",0,80,90,2102,40.5,3,2,"m","2025-02-11 08:15","2025-02-11 06:35:00","2025-02-11",0.0578072432852165,0.062365931498771,3432760,986104,2446656,687730,"first capture",2025,0,0
"84",84,"N687738",101,1.75248332360424,0.772538827788708,101,"Montifringilla nivalis","Tiefenbach",4,45,9,11,2,2025,4,"black",-3,6,2300,1,"no",0,80,90,2102,42,4,1,"m","2025-02-11 09:45","2025-02-11 08:05:00","2025-02-11",0.0173513200356855,0.0223270796229465,3393865,0,3393865,687738,"first capture",2025,0,0
"85",85,"N687739",1,0,0,1,"Montifringilla nivalis","Tiefenbach",6,45,9,11,2,2025,3,"black",-3,6,2300,1,"no",0,80,90,2102,42.5,4,2,"m","2025-02-11 09:45","2025-02-11 08:05:00","2025-02-11",0,0.00515463917525773,125552,0,125552,687739,"first capture",2025,0,0
"86",86,"N687740",97,1.19346515778353,0.509941502498021,97,"Montifringilla nivalis","Tiefenbach",6,15,11,11,2,2025,4.5,"black",-3,6,2300,1,"no",0,80,90,2102,45.5,5,2,"m","2025-02-11 11:15","2025-02-11 09:35:00","2025-02-11",0.0123037645132323,0.0173315607553639,3192000,10249,3181751,687740,"first capture",2025,0,0
"87",87,"N687743a",16,1.71497661880022,0.792704267886966,16,"Montifringilla nivalis","Tiefenbach",4,20,13,17,4,2025,3.5,"black",2,8,2100,1,"no",25,40,98,2102,37.5,1,2,"f","2025-04-17 13:20","2025-04-17 11:40:00","2025-04-17",0.107186038675014,0.111235667142282,3360496,1273351,2087145,687743,"first capture",2025,0,2
"88",88,"N687743b",62,0.99803413342216,0.547856955350046,62,"Montifringilla nivalis","Tiefenbach",6,15,11,11,2,2025,9,"black",-3,6,2300,1,"no",0,80,90,2102,41.5,5,2,"f","2025-02-11 11:15","2025-02-11 09:35:00","2025-02-11",0.0160973247326155,0.021086012106506,3683877,0,3683877,687743,"first capture",2025,0,2
"89",89,"N687744a",3,0.612868802844089,0.421883777677041,3,"Montifringilla nivalis","Tiefenbach",4,20,8,17,4,2025,9,"black",-1,8,2100,1,"snow",25,40,98,2102,37,3,2,"f","2025-04-17 08:20","2025-04-17 06:40:00","2025-04-17",0.20428960094803,0.207338161762998,3659397,3659394,3,687744,"first capture",2025,0,2
"90",90,"N687744b",38,0.723653296009072,0.261889424667048,38,"Montifringilla nivalis","Tiefenbach",4,15,11,11,2,2025,4,"black",-3,6,2300,1,"no",0,80,90,2102,41,4,2,"f","2025-02-11 11:15","2025-02-11 09:35:00","2025-02-11",0.0190435077897124,0.0240018221423958,3179786,2,3179784,687744,"first capture",2025,0,2
"91",91,"N687745",29,1.38715691484543,0.662277247039192,29,"Montifringilla nivalis","Tiefenbach",5,52,14,11,2,2025,4,"black",-3,6,2300,1,"no",0,80,90,2102,42,4,2,"m","2025-02-11 14:52","2025-02-11 13:12:00","2025-02-11",0.0478329970636355,0.0524945125578248,2476562,773,2475789,687745,"first capture",2025,0,0
"92",92,"N687746",33,0.503029305379751,0.188442963247591,33,"Montifringilla nivalis","Tiefenbach",5,52,14,11,2,2025,2,"black",-3,6,2300,1,"no",0,80,90,2102,42.5,4,2,"m","2025-02-11 14:52","2025-02-11 13:12:00","2025-02-11",0.0152433122842349,0.0202408039101706,3158594,5124,3153470,687746,"first capture",2025,0,1
"93",93,"N687752",175,1.07500832668009,0.526825741343396,175,"Montifringilla nivalis","Tiefenbach",4,44,8,12,3,2025,7,"black",NA,6,2500,1,"no",0,150,96,2102,42.5,4,2,"m","2025-03-12 08:44","2025-03-12 07:04:00","2025-03-12",0.00614290472388623,0.0112342149844647,3863990,2833601,1030389,687752,"first capture",2025,0,1
"94",94,"N687756",4,0.672686767786293,0.385440177001414,4,"Montifringilla nivalis","Tiefenbach",4,58,7,12,2,2025,3,"black",NA,7,3000,1,"no",0,80,90,2102,NA,4,2,"f","2025-02-12 07:58","2025-02-12 06:18:00","2025-02-12",0.168171691946573,0.171592602338877,3783667,3613904,169763,687756,"first capture",2025,0,0
"95",95,"N687775",154,1.16108557370314,0.56291081322683,154,"Montifringilla nivalis","Distelboden",5,55,11,13,2,2025,3,"black",NA,7,2400,2,"snow",0,39,91,1899,41.5,4,2,"f","2025-02-13 11:55","2025-02-13 10:15:00","2025-02-13",0.00753951671235805,0.0126164289111997,3532214,1667,3530547,687775,"first capture",2025,0,0
"96",96,"N687789",21,1.03706961074376,0.546119059967557,21,"Montifringilla nivalis","Distelboden",4,44,14,13,2,2025,4,"black",NA,8,2100,1,"snow",1,40,97,1899,38.5,5,2,"m","2025-02-13 14:44","2025-02-13 13:04:00","2025-02-13",0.0493842671782743,0.054029790197055,4082981,3679839,403142,687789,"first capture",2025,0,0
"97",97,"N687793",78,1.57822675149295,0.672553542462369,78,"Montifringilla nivalis","Distelboden",4,45,9,13,3,2025,7,"black",NA,8,1900,2,"snow",10,160,100,1899,39.5,3,2,"m","2025-03-13 09:45","2025-03-13 08:05:00","2025-03-13",0.0202336763011917,0.0251797208754062,3561739,1805422,1756317,687793,"first capture",2025,0,1
