otu,otu_phylum,otu_class,otu_order,otu_family,otu_genus,otu_species,anthropogenic,Functionnal group,comments,date
otu203,Streptophyta,Pinopsida,Pinales,Pinaceae,Abies,Unclassified,FALSE,tree,,
otu137,Streptophyta,Magnoliopsida,Ranunculales,Ranunculaceae,Aconitum,Aconitum napellus,FALSE,forb,,
otu765,Streptophyta,Magnoliopsida,Sapindales,Sapindaceae,Aesculus,Aesculus hippocastanum,TRUE,tree,brown  ? marrons,
otu4,Streptophyta,Magnoliopsida,Sapindales,Sapindaceae,Aesculus,Unclassified,FALSE,tree,,
otu448,Streptophyta,Magnoliopsida,Sapindales,Sapindaceae,Aesculus,Unclassified,FALSE,tree,,
otu515,Streptophyta,Magnoliopsida,Sapindales,Sapindaceae,Aesculus,Unclassified,FALSE,tree,,
otu523,Streptophyta,Magnoliopsida,Sapindales,Sapindaceae,Aesculus,Unclassified,FALSE,tree,,
otu529,Streptophyta,Magnoliopsida,Sapindales,Sapindaceae,Aesculus,Unclassified,FALSE,tree,,
otu582,Streptophyta,Magnoliopsida,Sapindales,Sapindaceae,Aesculus,Unclassified,FALSE,tree,,
otu606,Streptophyta,Magnoliopsida,Sapindales,Sapindaceae,Aesculus,Unclassified,FALSE,tree,,
otu619,Streptophyta,Magnoliopsida,Sapindales,Sapindaceae,Aesculus,Unclassified,FALSE,tree,,
otu645,Streptophyta,Magnoliopsida,Sapindales,Sapindaceae,Aesculus,Unclassified,FALSE,tree,,
otu648,Streptophyta,Magnoliopsida,Sapindales,Sapindaceae,Aesculus,Unclassified,FALSE,tree,,
otu649,Streptophyta,Magnoliopsida,Sapindales,Sapindaceae,Aesculus,Unclassified,FALSE,tree,,
otu657,Streptophyta,Magnoliopsida,Sapindales,Sapindaceae,Aesculus,Unclassified,FALSE,tree,,
otu667,Streptophyta,Magnoliopsida,Sapindales,Sapindaceae,Aesculus,Unclassified,FALSE,tree,,
otu684,Streptophyta,Magnoliopsida,Sapindales,Sapindaceae,Aesculus,Unclassified,FALSE,tree,,
otu711,Streptophyta,Magnoliopsida,Sapindales,Sapindaceae,Aesculus,Unclassified,FALSE,tree,,
otu712,Streptophyta,Magnoliopsida,Sapindales,Sapindaceae,Aesculus,Unclassified,FALSE,tree,,
otu721,Streptophyta,Magnoliopsida,Sapindales,Sapindaceae,Aesculus,Unclassified,FALSE,tree,,
otu725,Streptophyta,Magnoliopsida,Sapindales,Sapindaceae,Aesculus,Unclassified,FALSE,tree,,
otu727,Streptophyta,Magnoliopsida,Sapindales,Sapindaceae,Aesculus,Unclassified,FALSE,tree,,
otu736,Streptophyta,Magnoliopsida,Sapindales,Sapindaceae,Aesculus,Unclassified,FALSE,tree,,
otu743,Streptophyta,Magnoliopsida,Sapindales,Sapindaceae,Aesculus,Unclassified,FALSE,tree,,
otu746,Streptophyta,Magnoliopsida,Sapindales,Sapindaceae,Aesculus,Unclassified,FALSE,tree,,
otu747,Streptophyta,Magnoliopsida,Sapindales,Sapindaceae,Aesculus,Unclassified,FALSE,tree,,
otu759,Streptophyta,Magnoliopsida,Sapindales,Sapindaceae,Aesculus,Unclassified,FALSE,tree,,
otu761,Streptophyta,Magnoliopsida,Sapindales,Sapindaceae,Aesculus,Unclassified,FALSE,tree,,
otu766,Streptophyta,Magnoliopsida,Sapindales,Sapindaceae,Aesculus,Unclassified,FALSE,tree,,
otu768,Streptophyta,Magnoliopsida,Sapindales,Sapindaceae,Aesculus,Unclassified,FALSE,tree,,
otu772,Streptophyta,Magnoliopsida,Sapindales,Sapindaceae,Aesculus,Unclassified,FALSE,tree,,
otu782,Streptophyta,Magnoliopsida,Sapindales,Sapindaceae,Aesculus,Unclassified,FALSE,tree,,
otu783,Streptophyta,Magnoliopsida,Sapindales,Sapindaceae,Aesculus,Unclassified,FALSE,tree,,
otu786,Streptophyta,Magnoliopsida,Sapindales,Sapindaceae,Aesculus,Unclassified,FALSE,tree,,
otu792,Streptophyta,Magnoliopsida,Sapindales,Sapindaceae,Aesculus,Unclassified,FALSE,tree,,
otu799,Streptophyta,Magnoliopsida,Sapindales,Sapindaceae,Aesculus,Unclassified,FALSE,tree,,
otu801,Streptophyta,Magnoliopsida,Sapindales,Sapindaceae,Aesculus,Unclassified,FALSE,tree,,
otu802,Streptophyta,Magnoliopsida,Sapindales,Sapindaceae,Aesculus,Unclassified,FALSE,tree,,
otu803,Streptophyta,Magnoliopsida,Sapindales,Sapindaceae,Aesculus,Unclassified,FALSE,tree,,
otu807,Streptophyta,Magnoliopsida,Sapindales,Sapindaceae,Aesculus,Unclassified,FALSE,tree,,
otu811,Streptophyta,Magnoliopsida,Sapindales,Sapindaceae,Aesculus,Unclassified,FALSE,tree,,
otu816,Streptophyta,Magnoliopsida,Sapindales,Sapindaceae,Aesculus,Unclassified,FALSE,tree,,
otu831,Streptophyta,Magnoliopsida,Sapindales,Sapindaceae,Aesculus,Unclassified,FALSE,tree,,
otu832,Streptophyta,Magnoliopsida,Sapindales,Sapindaceae,Aesculus,Unclassified,FALSE,tree,,
otu834,Streptophyta,Magnoliopsida,Sapindales,Sapindaceae,Aesculus,Unclassified,FALSE,tree,,
otu858,Streptophyta,Magnoliopsida,Sapindales,Sapindaceae,Aesculus,Unclassified,FALSE,tree,,
otu859,Streptophyta,Magnoliopsida,Sapindales,Sapindaceae,Aesculus,Unclassified,FALSE,tree,,
otu875,Streptophyta,Magnoliopsida,Sapindales,Sapindaceae,Aesculus,Unclassified,FALSE,tree,,
otu890,Streptophyta,Magnoliopsida,Sapindales,Sapindaceae,Aesculus,Unclassified,FALSE,tree,,
otu893,Streptophyta,Magnoliopsida,Sapindales,Sapindaceae,Aesculus,Unclassified,FALSE,tree,,
otu895,Streptophyta,Magnoliopsida,Sapindales,Sapindaceae,Aesculus,Unclassified,FALSE,tree,,
otu896,Streptophyta,Magnoliopsida,Sapindales,Sapindaceae,Aesculus,Unclassified,FALSE,tree,,
otu898,Streptophyta,Magnoliopsida,Sapindales,Sapindaceae,Aesculus,Unclassified,FALSE,tree,,
otu903,Streptophyta,Magnoliopsida,Sapindales,Sapindaceae,Aesculus,Unclassified,FALSE,tree,,
otu906,Streptophyta,Magnoliopsida,Sapindales,Sapindaceae,Aesculus,Unclassified,FALSE,tree,,
otu919,Streptophyta,Magnoliopsida,Sapindales,Sapindaceae,Aesculus,Unclassified,FALSE,tree,,
otu922,Streptophyta,Magnoliopsida,Sapindales,Sapindaceae,Aesculus,Unclassified,FALSE,tree,,
otu924,Streptophyta,Magnoliopsida,Sapindales,Sapindaceae,Aesculus,Unclassified,FALSE,tree,,
otu926,Streptophyta,Magnoliopsida,Sapindales,Sapindaceae,Aesculus,Unclassified,FALSE,tree,v,
otu931,Streptophyta,Magnoliopsida,Sapindales,Sapindaceae,Aesculus,Unclassified,FALSE,tree,,
otu963,Streptophyta,Magnoliopsida,Sapindales,Sapindaceae,Aesculus,Unclassified,FALSE,tree,,
otu978,Streptophyta,Magnoliopsida,Sapindales,Sapindaceae,Aesculus,Unclassified,FALSE,tree,,
otu981,Streptophyta,Magnoliopsida,Sapindales,Sapindaceae,Aesculus,Unclassified,FALSE,tree,,
otu74,Streptophyta,Magnoliopsida,Fagales,Betulaceae,Alnus,Unclassified,FALSE,tree,,
otu7,Streptophyta,Magnoliopsida,Fabales,Fabaceae,Anthyllis,Anthyllis vulneraria,FALSE,forb,,
otu793,Streptophyta,Magnoliopsida,Fabales,Fabaceae,Anthyllis,Anthyllis vulneraria,FALSE,forb,,
otu205,Streptophyta,Magnoliopsida,Fabales,Fabaceae,Anthyllis,Unclassified,FALSE,forb,,
otu369,Streptophyta,Magnoliopsida,Fabales,Fabaceae,Anthyllis,Unclassified,FALSE,forb,,
otu66,Streptophyta,Magnoliopsida,Ranunculales,Ranunculaceae,Aquilegia,Unclassified,FALSE,forb,,
otu142,Streptophyta,Magnoliopsida,Brassicales,Brassicaceae,Arabis,Arabis cretica,FALSE,forb,,
otu54,Streptophyta,Magnoliopsida,Ericales,Ericaceae,Arbutus,Unclassified,FALSE,Tree / shrub,,
otu224,Streptophyta,Magnoliopsida,Asparagales,Asparagaceae,Asparagus,Unclassified,FALSE,forb,,
otu146,Streptophyta,Magnoliopsida,Poales,Poaceae,Avena,Avena sterilis,TRUE,graminoid,"wild oats, mixed with oats ? not growing >1500m",
otu63,Streptophyta,Magnoliopsida,Brassicales,Brassicaceae,Brassica,Unclassified,FALSE,forb,,
otu134,Streptophyta,Bryopsida,Bartramiales,Bartramiaceae,Breutelia,Unclassified,FALSE,forb,,
otu188,Streptophyta,Bryopsida,Bartramiales,Bartramiaceae,Breutelia,Unclassified,FALSE,forb,,
otu287,Streptophyta,Bryopsida,Bartramiales,Bartramiaceae,Breutelia,Unclassified,FALSE,forb,,
otu307,Streptophyta,Bryopsida,Bartramiales,Bartramiaceae,Breutelia,Unclassified,FALSE,forb,,
otu907,Streptophyta,Bryopsida,Bartramiales,Bartramiaceae,Breutelia,Unclassified,FALSE,forb,,
otu348,Streptophyta,Magnoliopsida,Ranunculales,Ranunculaceae,Caltha,Caltha palustris,FALSE,forb,,
otu716,Streptophyta,Magnoliopsida,Solanales,Convolvulaceae,Calystegia,Calystegia sepium,FALSE,forb,,
otu61,Streptophyta,Magnoliopsida,Asterales,Campanulaceae,Campanula,Campanula stenosiphon,FALSE,forb,,
otu2,Streptophyta,Magnoliopsida,Rosales,Cannabaceae,Cannabis,Cannabis sativa,TRUE,forb,,
otu321,Streptophyta,Magnoliopsida,Rosales,Cannabaceae,Cannabis,Cannabis sativa,TRUE,forb,,
otu478,Streptophyta,Magnoliopsida,Rosales,Cannabaceae,Cannabis,Cannabis sativa,TRUE,forb,,
otu738,Streptophyta,Magnoliopsida,Rosales,Cannabaceae,Cannabis,Cannabis sativa,TRUE,forb,,
otu136,Streptophyta,Magnoliopsida,Poales,Cyperaceae,Carex,Unclassified,FALSE,graminoid,,
otu191,Streptophyta,Magnoliopsida,Poales,Cyperaceae,Carex,Unclassified,FALSE,graminoid,,
otu89,Streptophyta,Magnoliopsida,Poales,Cyperaceae,Carex,Unclassified,FALSE,graminoid,,
otu385,Streptophyta,Magnoliopsida,Lamiales,Bignoniaceae,Catalpa,Unclassified,FALSE,tree,,
otu698,Streptophyta,Magnoliopsida,Lamiales,Bignoniaceae,Catalpa,Unclassified,FALSE,tree,,
otu99,Streptophyta,Magnoliopsida,Caryophyllales,Caryophyllaceae,Cerastium,Unclassified,FALSE,forb,,
otu545,Streptophyta,Magnoliopsida,Cornales,Cornaceae,Cornus,Unclassified,FALSE,Tree / shrub,,
otu77,Streptophyta,Magnoliopsida,Asparagales,Iridaceae,Crocus,Crocus longiflorus,FALSE,forb,,
otu277,Streptophyta,Magnoliopsida,Asparagales,Orchidaceae,Dactylorhiza,Unclassified,FALSE,forb,,
otu192,Streptophyta,Magnoliopsida,Myrtales,Onagraceae,Epilobium,Epilobium ciliatum,FALSE,forb,,
otu42,Streptophyta,Magnoliopsida,Ericales,Ericaceae,Erica,Erica arborea,FALSE,shrub,,
otu111,Streptophyta,Magnoliopsida,Geraniales,Geraniaceae,Erodium,Unclassified,FALSE,forb,,
otu237,Streptophyta,Magnoliopsida,Malpighiales,Euphorbiaceae,Euphorbia,Euphorbia dendroides,FALSE,forb,,
otu150,Streptophyta,Magnoliopsida,Gentianales,Gentianaceae,Gentiana,Gentiana acaulis,FALSE,forb,,
otu112,Streptophyta,Magnoliopsida,Gentianales,Gentianaceae,Gentiana,Unclassified,FALSE,forb,,
otu140,Streptophyta,Magnoliopsida,Gentianales,Gentianaceae,Gentiana,Unclassified,FALSE,forb,,
otu33,Streptophyta,Magnoliopsida,Rosales,Rosaceae,Geum,Geum rivale,FALSE,forb,,
otu52,Streptophyta,Magnoliopsida,Fabales,Fabaceae,Hippocrepis,Hippocrepis comosa,FALSE,forb,,
otu35,Streptophyta,Magnoliopsida,Malpighiales,Hypericaceae,Hypericum,Hypericum tetrapterum,FALSE,forb,,
otu27,Streptophyta,Magnoliopsida,Poales,Juncaceae,Juncus,Unclassified,FALSE,graminoid,,
otu102,Streptophyta,Magnoliopsida,Fabales,Fabaceae,Lathyrus,Unclassified,FALSE,forb,,
otu70,Streptophyta,Magnoliopsida,Fabales,Fabaceae,Lathyrus,Unclassified,FALSE,forb,,
otu168,Streptophyta,Magnoliopsida,Laurales,Lauraceae,Laurus,Laurus nobilis,FALSE,Tree / shrub,,
otu484,Streptophyta,Magnoliopsida,Lamiales,Lamiaceae,Lavandula,Unclassified,FALSE,Tree / shrub,,
otu93,Streptophyta,Magnoliopsida,Lamiales,Plantaginaceae,Littorella,Littorella uniflora,FALSE,aquatic forb,,
otu47,Streptophyta,Magnoliopsida,Fabales,Fabaceae,Lotus,Unclassified,FALSE,forb,,
otu157,Streptophyta,Magnoliopsida,Poales,Juncaceae,Luzula,Luzula wahlenbergii,FALSE,graminoid,,
otu106,Streptophyta,Magnoliopsida,Poales,Juncaceae,Luzula,Unclassified,FALSE,graminoid,,
otu212,Streptophyta,Magnoliopsida,Poales,Juncaceae,Luzula,Unclassified,FALSE,graminoid,,
otu490,Streptophyta,Magnoliopsida,Ericales,Primulaceae,Lysimachia,Unclassified,FALSE,forb,,
otu309,Streptophyta,Magnoliopsida,Fabales,Fabaceae,Onobrychis,Onobrychis viciifolia,FALSE,forb,,
otu5,Streptophyta,Magnoliopsida,Fabales,Fabaceae,Onobrychis,Onobrychis viciifolia,FALSE,forb,,
otu756,Streptophyta,Magnoliopsida,Fabales,Fabaceae,Onobrychis,Onobrychis viciifolia,FALSE,forb,,
otu600,Streptophyta,Magnoliopsida,Fabales,Fabaceae,Onobrychis,Unclassified,FALSE,forb,,
otu46,Streptophyta,Magnoliopsida,Lamiales,Paulowniaceae,Paulownia,Unclassified,FALSE,forb,,
otu19,Streptophyta,Magnoliopsida,Lamiales,Orobanchaceae,Pedicularis,Unclassified,FALSE,forb,,
otu204,Streptophyta,Magnoliopsida,Caryophyllales,Polygonaceae,Persicaria,Unclassified,FALSE,forb,,
otu8,Streptophyta,Magnoliopsida,Caryophyllales,Polygonaceae,Persicaria,Unclassified,FALSE,forb,,
otu68,Streptophyta,Magnoliopsida,Solanales,Solanaceae,Physalis,Unclassified,FALSE,forb,,
otu97,Streptophyta,Pinopsida,Pinales,Pinaceae,Pinus,Unclassified,FALSE,tree,,
otu143,Streptophyta,Magnoliopsida,Lamiales,Plantaginaceae,Plantago,Plantago maritima,FALSE,forb,,
otu343,Streptophyta,Magnoliopsida,Fabales,Polygalaceae,Polygala,Polygala calcarea,FALSE,forb,,
otu15,Streptophyta,Magnoliopsida,Ericales,Primulaceae,Primula,Unclassified,FALSE,forb,,
otu162,Streptophyta,Magnoliopsida,Ericales,Primulaceae,Primula,Unclassified,FALSE,forb,,
otu622,Streptophyta,Magnoliopsida,Lamiales,Lamiaceae,Prunella,Prunella vulgaris,FALSE,forb,,
otu104,Streptophyta,Magnoliopsida,Rosales,Rosaceae,Prunus,Unclassified,FALSE,tree,,
otu141,Streptophyta,Magnoliopsida,Boraginales,Boraginaceae,Pulmonaria,Unclassified,FALSE,forb,,
otu21,Streptophyta,Magnoliopsida,Ranunculales,Ranunculaceae,Pulsatilla,Pulsatilla vulgaris,FALSE,forb,,
otu323,Streptophyta,Magnoliopsida,Ranunculales,Ranunculaceae,Pulsatilla,Pulsatilla vulgaris,FALSE,forb,,
otu103,Streptophyta,Magnoliopsida,Ranunculales,Ranunculaceae,Ranunculus,Unclassified,FALSE,forb,,
otu58,Streptophyta,Magnoliopsida,Ranunculales,Ranunculaceae,Ranunculus,Unclassified,FALSE,forb,,
otu127,Streptophyta,Magnoliopsida,Rosales,Rhamnaceae,Rhamnus,Rhamnus cathartica,FALSE,tree,,
otu131,Streptophyta,Magnoliopsida,Brassicales,Brassicaceae,Rorippa,Unclassified,FALSE,forb,,
otu114,Streptophyta,Magnoliopsida,Malpighiales,Salicaceae,Salix,Unclassified,FALSE,tree,,
otu123,Streptophyta,Magnoliopsida,Saxifragales,Saxifragaceae,Saxifraga,Unclassified,FALSE,forb,,
otu160,Streptophyta,Magnoliopsida,Saxifragales,Saxifragaceae,Saxifraga,Unclassified,FALSE,forb,,
otu170,Streptophyta,Magnoliopsida,Saxifragales,Saxifragaceae,Saxifraga,Unclassified,FALSE,forb,,
otu44,Streptophyta,Magnoliopsida,Saxifragales,Saxifragaceae,Saxifraga,Unclassified,FALSE,forb,,
otu390,Streptophyta,Magnoliopsida,Poales,Poaceae,Setaria,Unclassified,FALSE,graminoid,,
otu14,Streptophyta,Magnoliopsida,Caryophyllales,Caryophyllaceae,Silene,Silene vulgaris,FALSE,forb,,
otu149,Streptophyta,Magnoliopsida,Caryophyllales,Caryophyllaceae,Silene,Silene vulgaris,FALSE,forb,,
otu155,Streptophyta,Magnoliopsida,Caryophyllales,Caryophyllaceae,Silene,Silene vulgaris,FALSE,forb,,
otu59,Streptophyta,Magnoliopsida,Caryophyllales,Caryophyllaceae,Silene,Silene vulgaris,FALSE,forb,,
otu90,Streptophyta,Magnoliopsida,Caryophyllales,Caryophyllaceae,Silene,Silene vulgaris,FALSE,forb,,
otu91,Streptophyta,Magnoliopsida,Caryophyllales,Caryophyllaceae,Silene,Silene vulgaris,FALSE,forb,,
otu84,Streptophyta,Magnoliopsida,Caryophyllales,Caryophyllaceae,Silene,Unclassified,FALSE,forb,,
otu39,Streptophyta,Magnoliopsida,Fabales,Fabaceae,Trifolium,Trifolium pratense,FALSE,forb,,
otu11,Streptophyta,Magnoliopsida,Fabales,Fabaceae,Trifolium,Unclassified,FALSE,forb,,
otu508,Streptophyta,Magnoliopsida,Fabales,Fabaceae,Trifolium,Unclassified,FALSE,forb,,
otu533,Streptophyta,Magnoliopsida,Fabales,Fabaceae,Trifolium,Unclassified,FALSE,forb,,
otu56,Streptophyta,Magnoliopsida,Fabales,Fabaceae,Trifolium,Unclassified,FALSE,forb,,
otu76,Streptophyta,Magnoliopsida,Fabales,Fabaceae,Trifolium,Unclassified,FALSE,forb,,
otu121,Streptophyta,Magnoliopsida,Caryophyllales,Amaranthaceae,Unclassified,Unclassified,FALSE,forb,,
otu544,Streptophyta,Magnoliopsida,Caryophyllales,Amaranthaceae,Unclassified,Unclassified,FALSE,forb,,
otu65,Streptophyta,Magnoliopsida,Caryophyllales,Amaranthaceae,Unclassified,Unclassified,FALSE,forb,,
otu87,Streptophyta,Magnoliopsida,Caryophyllales,Amaranthaceae,Unclassified,Unclassified,FALSE,forb,,
otu152,Streptophyta,Magnoliopsida,Sapindales,Anacardiaceae,Unclassified,Unclassified,FALSE,Tree / shrub,,
otu268,Streptophyta,Magnoliopsida,Sapindales,Anacardiaceae,Unclassified,Unclassified,FALSE,Tree / shrub,,
otu151,Streptophyta,Andreaeopsida,Andreaeales,Andreaeaceae,Unclassified,Unclassified,FALSE,Tree / shrub,,
otu245,Streptophyta,Andreaeopsida,Andreaeales,Andreaeaceae,Unclassified,Unclassified,FALSE,Tree / shrub,,
otu117,Streptophyta,Magnoliopsida,Apiales,Apiaceae,Unclassified,Unclassified,FALSE,forb,,
otu135,Streptophyta,Magnoliopsida,Apiales,Apiaceae,Unclassified,Unclassified,FALSE,forb,,
otu23,Streptophyta,Magnoliopsida,Apiales,Apiaceae,Unclassified,Unclassified,FALSE,forb,,
otu26,Streptophyta,Magnoliopsida,Apiales,Apiaceae,Unclassified,Unclassified,FALSE,forb,,
otu82,Streptophyta,Magnoliopsida,Apiales,Apiaceae,Unclassified,Unclassified,FALSE,forb,,
otu861,Streptophyta,Magnoliopsida,Apiales,Apiaceae,Unclassified,Unclassified,FALSE,forb,,
otu1,Streptophyta,Magnoliopsida,Asterales,Asteraceae,Unclassified,Unclassified,TRUE,forb,assuming sunflower is a big part of it ,
otu132,Streptophyta,Magnoliopsida,Asterales,Asteraceae,Unclassified,Unclassified,FALSE,forb,,
otu360,Streptophyta,Magnoliopsida,Asterales,Asteraceae,Unclassified,Unclassified,FALSE,forb,,
otu374,Streptophyta,Magnoliopsida,Asterales,Asteraceae,Unclassified,Unclassified,FALSE,forb,,
otu389,Streptophyta,Magnoliopsida,Asterales,Asteraceae,Unclassified,Unclassified,FALSE,forb,,
otu456,Streptophyta,Magnoliopsida,Asterales,Asteraceae,Unclassified,Unclassified,FALSE,forb,,
otu463,Streptophyta,Magnoliopsida,Asterales,Asteraceae,Unclassified,Unclassified,FALSE,forb,,
otu505,Streptophyta,Magnoliopsida,Asterales,Asteraceae,Unclassified,Unclassified,FALSE,forb,,
otu536,Streptophyta,Magnoliopsida,Asterales,Asteraceae,Unclassified,Unclassified,FALSE,forb,,
otu543,Streptophyta,Magnoliopsida,Asterales,Asteraceae,Unclassified,Unclassified,FALSE,forb,,
otu547,Streptophyta,Magnoliopsida,Asterales,Asteraceae,Unclassified,Unclassified,FALSE,forb,,
otu720,Streptophyta,Magnoliopsida,Asterales,Asteraceae,Unclassified,Unclassified,FALSE,forb,,
otu836,Streptophyta,Magnoliopsida,Asterales,Asteraceae,Unclassified,Unclassified,FALSE,forb,,
otu894,Streptophyta,Magnoliopsida,Asterales,Asteraceae,Unclassified,Unclassified,FALSE,forb,,
otu105,Streptophyta,Magnoliopsida,Fagales,Betulaceae,Unclassified,Unclassified,FALSE,Tree / shrub,,
otu118,Streptophyta,Magnoliopsida,Fagales,Betulaceae,Unclassified,Unclassified,FALSE,Tree / shrub,,
otu79,Streptophyta,Magnoliopsida,Brassicales,Brassicaceae,Unclassified,Unclassified,FALSE,forb,,
otu243,Streptophyta,Magnoliopsida,Asterales,Campanulaceae,Unclassified,Unclassified,FALSE,forb,,
otu13,Streptophyta,Pinopsida,Cupressales,Cupressaceae,Unclassified,Unclassified,FALSE,tree,,
otu686,Streptophyta,Pinopsida,Cupressales,Cupressaceae,Unclassified,Unclassified,FALSE,tree,,
otu301,Streptophyta,Magnoliopsida,Ericales,Ericaceae,Unclassified,Unclassified,FALSE,shrub,,
otu397,Streptophyta,Magnoliopsida,Ericales,Ericaceae,Unclassified,Unclassified,FALSE,shrub,,
otu628,Streptophyta,Magnoliopsida,Ericales,Ericaceae,Unclassified,Unclassified,FALSE,shrub,,
otu138,Streptophyta,Magnoliopsida,Fabales,Fabaceae,Unclassified,Unclassified,FALSE,forb,,
otu275,Streptophyta,Magnoliopsida,Fabales,Fabaceae,Unclassified,Unclassified,FALSE,forb,,
otu485,Streptophyta,Magnoliopsida,Fabales,Fabaceae,Unclassified,Unclassified,FALSE,forb,,
otu627,Streptophyta,Magnoliopsida,Fabales,Fabaceae,Unclassified,Unclassified,FALSE,forb,,
otu81,Streptophyta,Magnoliopsida,Fabales,Fabaceae,Unclassified,Unclassified,FALSE,forb,,
otu98,Streptophyta,Magnoliopsida,Fabales,Fabaceae,Unclassified,Unclassified,FALSE,forb,,
otu214,Streptophyta,Magnoliopsida,Gentianales,Gentianaceae,Unclassified,Unclassified,FALSE,forb,,
otu126,Streptophyta,Magnoliopsida,Lamiales,Lamiaceae,Unclassified,Unclassified,FALSE,forb,,
otu202,Streptophyta,Magnoliopsida,Lamiales,Lamiaceae,Unclassified,Unclassified,FALSE,forb,,
otu225,Streptophyta,Magnoliopsida,Lamiales,Lamiaceae,Unclassified,Unclassified,FALSE,forb,,
otu236,Streptophyta,Magnoliopsida,Lamiales,Lamiaceae,Unclassified,Unclassified,FALSE,forb,,
otu239,Streptophyta,Magnoliopsida,Lamiales,Lamiaceae,Unclassified,Unclassified,FALSE,forb,,
otu251,Streptophyta,Magnoliopsida,Lamiales,Lamiaceae,Unclassified,Unclassified,FALSE,forb,,
otu3,Streptophyta,Magnoliopsida,Lamiales,Lamiaceae,Unclassified,Unclassified,FALSE,forb,,
otu303,Streptophyta,Magnoliopsida,Lamiales,Lamiaceae,Unclassified,Unclassified,FALSE,forb,,
otu314,Streptophyta,Magnoliopsida,Lamiales,Lamiaceae,Unclassified,Unclassified,FALSE,forb,,
otu320,Streptophyta,Magnoliopsida,Lamiales,Lamiaceae,Unclassified,Unclassified,FALSE,forb,,
otu361,Streptophyta,Magnoliopsida,Lamiales,Lamiaceae,Unclassified,Unclassified,FALSE,forb,,
otu38,Streptophyta,Magnoliopsida,Lamiales,Lamiaceae,Unclassified,Unclassified,FALSE,forb,,
otu405,Streptophyta,Magnoliopsida,Lamiales,Lamiaceae,Unclassified,Unclassified,FALSE,forb,,
otu447,Streptophyta,Magnoliopsida,Lamiales,Lamiaceae,Unclassified,Unclassified,FALSE,forb,,
otu501,Streptophyta,Magnoliopsida,Lamiales,Lamiaceae,Unclassified,Unclassified,FALSE,forb,,
otu537,Streptophyta,Magnoliopsida,Lamiales,Lamiaceae,Unclassified,Unclassified,FALSE,forb,,
otu567,Streptophyta,Magnoliopsida,Lamiales,Lamiaceae,Unclassified,Unclassified,FALSE,forb,,
otu609,Streptophyta,Magnoliopsida,Lamiales,Lamiaceae,Unclassified,Unclassified,FALSE,forb,,
otu646,Streptophyta,Magnoliopsida,Lamiales,Lamiaceae,Unclassified,Unclassified,FALSE,forb,,
otu672,Streptophyta,Magnoliopsida,Lamiales,Lamiaceae,Unclassified,Unclassified,FALSE,forb,,
otu688,Streptophyta,Magnoliopsida,Lamiales,Lamiaceae,Unclassified,Unclassified,FALSE,forb,,
otu718,Streptophyta,Magnoliopsida,Lamiales,Lamiaceae,Unclassified,Unclassified,FALSE,forb,,
otu753,Streptophyta,Magnoliopsida,Lamiales,Lamiaceae,Unclassified,Unclassified,FALSE,forb,,
otu790,Streptophyta,Magnoliopsida,Lamiales,Lamiaceae,Unclassified,Unclassified,FALSE,forb,,
otu842,Streptophyta,Magnoliopsida,Lamiales,Lamiaceae,Unclassified,Unclassified,FALSE,forb,,
otu846,Streptophyta,Magnoliopsida,Lamiales,Lamiaceae,Unclassified,Unclassified,FALSE,forb,,
otu847,Streptophyta,Magnoliopsida,Lamiales,Lamiaceae,Unclassified,Unclassified,FALSE,forb,,
otu9,Streptophyta,Magnoliopsida,Lamiales,Lamiaceae,Unclassified,Unclassified,FALSE,forb,,
otu940,Streptophyta,Magnoliopsida,Lamiales,Lamiaceae,Unclassified,Unclassified,FALSE,forb,,
otu72,Streptophyta,Magnoliopsida,Myrtales,Lythraceae,Unclassified,Unclassified,FALSE,forb,,
otu281,Streptophyta,Polypodiopsida,Polypodiales,Onocleaceae,Unclassified,Unclassified,FALSE,fern,,
otu479,Streptophyta,Polypodiopsida,Polypodiales,Onocleaceae,Unclassified,Unclassified,FALSE,fern,,
otu795,Streptophyta,Polypodiopsida,Polypodiales,Onocleaceae,Unclassified,Unclassified,FALSE,fern,,
otu107,Streptophyta,Pinopsida,Pinales,Pinaceae,Unclassified,Unclassified,FALSE,tree,,
otu10,Streptophyta,Magnoliopsida,Poales,Poaceae,Unclassified,Unclassified,FALSE,graminoid,,
otu109,Streptophyta,Magnoliopsida,Poales,Poaceae,Unclassified,Unclassified,FALSE,graminoid,,
otu110,Streptophyta,Magnoliopsida,Poales,Poaceae,Unclassified,Unclassified,FALSE,graminoid,,
otu16,Streptophyta,Magnoliopsida,Poales,Poaceae,Unclassified,Unclassified,FALSE,graminoid,,
otu169,Streptophyta,Magnoliopsida,Poales,Poaceae,Unclassified,Unclassified,FALSE,graminoid,,
otu17,Streptophyta,Magnoliopsida,Poales,Poaceae,Unclassified,Unclassified,FALSE,graminoid,,
otu197,Streptophyta,Magnoliopsida,Poales,Poaceae,Unclassified,Unclassified,FALSE,graminoid,,
otu211,Streptophyta,Magnoliopsida,Poales,Poaceae,Unclassified,Unclassified,FALSE,graminoid,,
otu24,Streptophyta,Magnoliopsida,Poales,Poaceae,Unclassified,Unclassified,FALSE,graminoid,,
otu254,Streptophyta,Magnoliopsida,Poales,Poaceae,Unclassified,Unclassified,FALSE,graminoid,,
otu28,Streptophyta,Magnoliopsida,Poales,Poaceae,Unclassified,Unclassified,FALSE,graminoid,,
otu289,Streptophyta,Magnoliopsida,Poales,Poaceae,Unclassified,Unclassified,FALSE,graminoid,,
otu31,Streptophyta,Magnoliopsida,Poales,Poaceae,Unclassified,Unclassified,FALSE,graminoid,,
otu45,Streptophyta,Magnoliopsida,Poales,Poaceae,Unclassified,Unclassified,FALSE,graminoid,,
otu51,Streptophyta,Magnoliopsida,Poales,Poaceae,Unclassified,Unclassified,FALSE,graminoid,,
otu73,Streptophyta,Magnoliopsida,Poales,Poaceae,Unclassified,Unclassified,FALSE,graminoid,,
otu804,Streptophyta,Magnoliopsida,Poales,Poaceae,Unclassified,Unclassified,FALSE,graminoid,,
otu983,Streptophyta,Magnoliopsida,Poales,Poaceae,Unclassified,Unclassified,FALSE,graminoid,,
otu101,Streptophyta,Magnoliopsida,Fabales,Polygalaceae,Unclassified,Unclassified,FALSE,forb,,
otu22,Streptophyta,Magnoliopsida,Caryophyllales,Polygonaceae,Unclassified,Unclassified,FALSE,forb,,
otu50,Streptophyta,Magnoliopsida,Caryophyllales,Polygonaceae,Unclassified,Unclassified,FALSE,forb,,
otu269,Streptophyta,Magnoliopsida,Ericales,Primulaceae,Unclassified,Unclassified,FALSE,forb,,
otu34,Streptophyta,Magnoliopsida,Ericales,Primulaceae,Unclassified,Unclassified,FALSE,forb,,
otu258,Streptophyta,Magnoliopsida,Rosales,Rosaceae,Unclassified,Unclassified,FALSE,Unknown,,
otu29,Streptophyta,Magnoliopsida,Rosales,Rosaceae,Unclassified,Unclassified,FALSE,Unknown,,
otu30,Streptophyta,Magnoliopsida,Rosales,Rosaceae,Unclassified,Unclassified,FALSE,Unknown,,
otu69,Streptophyta,Magnoliopsida,Rosales,Rosaceae,Unclassified,Unclassified,FALSE,Unknown,,
otu71,Streptophyta,Magnoliopsida,Gentianales,Rubiaceae,Unclassified,Unclassified,FALSE,forb,,
otu873,Streptophyta,Magnoliopsida,Gentianales,Rubiaceae,Unclassified,Unclassified,FALSE,forb,,
otu518,Streptophyta,Magnoliopsida,Sapindales,Sapindaceae,Unclassified,Unclassified,FALSE,tree,,
otu20,Streptophyta,Magnoliopsida,Solanales,Solanaceae,Unclassified,Unclassified,FALSE,forb,,
otu147,Streptophyta,Magnoliopsida,Caryophyllales,Unclassified,Unclassified,Unclassified,FALSE,forb,,
otu208,Streptophyta,Magnoliopsida,Caryophyllales,Unclassified,Unclassified,Unclassified,FALSE,forb,,
otu12,Streptophyta,Magnoliopsida,Lamiales,Unclassified,Unclassified,Unclassified,FALSE,Unknown,,
otu347,Streptophyta,Magnoliopsida,Lamiales,Unclassified,Unclassified,Unclassified,FALSE,Unknown,,
otu43,Streptophyta,Magnoliopsida,Lamiales,Unclassified,Unclassified,Unclassified,FALSE,Unknown,,
otu542,Streptophyta,Magnoliopsida,Lamiales,Unclassified,Unclassified,Unclassified,FALSE,Unknown,,
otu591,Streptophyta,Magnoliopsida,Lamiales,Unclassified,Unclassified,Unclassified,FALSE,Unknown,,
otu689,Streptophyta,Magnoliopsida,Lamiales,Unclassified,Unclassified,Unclassified,FALSE,Unknown,,
otu695,Streptophyta,Magnoliopsida,Lamiales,Unclassified,Unclassified,Unclassified,FALSE,Unknown,,
otu715,Streptophyta,Magnoliopsida,Lamiales,Unclassified,Unclassified,Unclassified,FALSE,Unknown,,
otu726,Streptophyta,Magnoliopsida,Lamiales,Unclassified,Unclassified,Unclassified,FALSE,Unknown,,
otu787,Streptophyta,Magnoliopsida,Lamiales,Unclassified,Unclassified,Unclassified,FALSE,Unknown,,
otu788,Streptophyta,Magnoliopsida,Lamiales,Unclassified,Unclassified,Unclassified,FALSE,Unknown,,
otu841,Streptophyta,Magnoliopsida,Lamiales,Unclassified,Unclassified,Unclassified,FALSE,Unknown,,
otu843,Streptophyta,Magnoliopsida,Lamiales,Unclassified,Unclassified,Unclassified,FALSE,Unknown,,
otu845,Streptophyta,Magnoliopsida,Lamiales,Unclassified,Unclassified,Unclassified,FALSE,Unknown,,
otu904,Streptophyta,Magnoliopsida,Lamiales,Unclassified,Unclassified,Unclassified,FALSE,Unknown,,
otu905,Streptophyta,Magnoliopsida,Lamiales,Unclassified,Unclassified,Unclassified,FALSE,Unknown,,
otu909,Streptophyta,Magnoliopsida,Lamiales,Unclassified,Unclassified,Unclassified,FALSE,Unknown,,
otu910,Streptophyta,Magnoliopsida,Lamiales,Unclassified,Unclassified,Unclassified,FALSE,Unknown,,
otu917,Streptophyta,Magnoliopsida,Lamiales,Unclassified,Unclassified,Unclassified,FALSE,Unknown,,
otu927,Streptophyta,Magnoliopsida,Lamiales,Unclassified,Unclassified,Unclassified,FALSE,Unknown,,
otu929,Streptophyta,Magnoliopsida,Lamiales,Unclassified,Unclassified,Unclassified,FALSE,Unknown,,
otu230,Streptophyta,Magnoliopsida,Liliales,Unclassified,Unclassified,Unclassified,FALSE,forb,,
otu364,Streptophyta,Magnoliopsida,Poales,Unclassified,Unclassified,Unclassified,FALSE,graminoid,,
otu679,Streptophyta,Magnoliopsida,Poales,Unclassified,Unclassified,Unclassified,FALSE,graminoid,,
otu158,Streptophyta,Magnoliopsida,Ranunculales,Unclassified,Unclassified,Unclassified,FALSE,forb,,
otu601,Streptophyta,Magnoliopsida,Sapindales,Unclassified,Unclassified,Unclassified,FALSE,Tree / shrub,,
otu156,Streptophyta,Magnoliopsida,Unclassified,Unclassified,Unclassified,Unclassified,FALSE,Unknown,,
otu18,Streptophyta,Unclassified,Unclassified,Unclassified,Unclassified,Unclassified,FALSE,Unknown,,
otu232,Streptophyta,Magnoliopsida,Unclassified,Unclassified,Unclassified,Unclassified,FALSE,Unknown,,
otu259,Streptophyta,Magnoliopsida,Unclassified,Unclassified,Unclassified,Unclassified,FALSE,Unknown,,
otu305,Streptophyta,Magnoliopsida,Unclassified,Unclassified,Unclassified,Unclassified,FALSE,Unknown,,
otu344,Streptophyta,Magnoliopsida,Unclassified,Unclassified,Unclassified,Unclassified,FALSE,Unknown,,
otu37,Streptophyta,Magnoliopsida,Unclassified,Unclassified,Unclassified,Unclassified,FALSE,Unknown,,
otu379,Streptophyta,Magnoliopsida,Unclassified,Unclassified,Unclassified,Unclassified,FALSE,Unknown,,
otu399,Streptophyta,Magnoliopsida,Unclassified,Unclassified,Unclassified,Unclassified,FALSE,Unknown,,
otu41,Streptophyta,Magnoliopsida,Unclassified,Unclassified,Unclassified,Unclassified,FALSE,Unknown,,
otu452,Streptophyta,Magnoliopsida,Unclassified,Unclassified,Unclassified,Unclassified,FALSE,Unknown,,
otu476,Streptophyta,Magnoliopsida,Unclassified,Unclassified,Unclassified,Unclassified,FALSE,Unknown,,
otu48,Streptophyta,Magnoliopsida,Unclassified,Unclassified,Unclassified,Unclassified,FALSE,Unknown,,
otu481,Streptophyta,Magnoliopsida,Unclassified,Unclassified,Unclassified,Unclassified,FALSE,Unknown,,
otu482,Streptophyta,Magnoliopsida,Unclassified,Unclassified,Unclassified,Unclassified,FALSE,Unknown,,
otu491,Streptophyta,Magnoliopsida,Unclassified,Unclassified,Unclassified,Unclassified,FALSE,Unknown,,
otu493,Streptophyta,Magnoliopsida,Unclassified,Unclassified,Unclassified,Unclassified,FALSE,Unknown,,
otu496,Streptophyta,Magnoliopsida,Unclassified,Unclassified,Unclassified,Unclassified,FALSE,Unknown,,
otu498,Streptophyta,Magnoliopsida,Unclassified,Unclassified,Unclassified,Unclassified,FALSE,Unknown,,
otu502,Streptophyta,Magnoliopsida,Unclassified,Unclassified,Unclassified,Unclassified,FALSE,Unknown,,
otu509,Streptophyta,Magnoliopsida,Unclassified,Unclassified,Unclassified,Unclassified,FALSE,Unknown,,
otu512,Streptophyta,Magnoliopsida,Unclassified,Unclassified,Unclassified,Unclassified,FALSE,Unknown,,
otu520,Streptophyta,Magnoliopsida,Unclassified,Unclassified,Unclassified,Unclassified,FALSE,Unknown,,
otu521,Streptophyta,Magnoliopsida,Unclassified,Unclassified,Unclassified,Unclassified,FALSE,Unknown,,
otu522,Streptophyta,Magnoliopsida,Unclassified,Unclassified,Unclassified,Unclassified,FALSE,Unknown,,
otu527,Streptophyta,Magnoliopsida,Unclassified,Unclassified,Unclassified,Unclassified,FALSE,Unknown,,
otu532,Streptophyta,Magnoliopsida,Unclassified,Unclassified,Unclassified,Unclassified,FALSE,Unknown,,
otu535,Streptophyta,Magnoliopsida,Unclassified,Unclassified,Unclassified,Unclassified,FALSE,Unknown,,
otu540,Streptophyta,Magnoliopsida,Unclassified,Unclassified,Unclassified,Unclassified,FALSE,Unknown,,
otu541,Streptophyta,Magnoliopsida,Unclassified,Unclassified,Unclassified,Unclassified,FALSE,Unknown,,
otu551,Streptophyta,Magnoliopsida,Unclassified,Unclassified,Unclassified,Unclassified,FALSE,Unknown,,
otu552,Streptophyta,Magnoliopsida,Unclassified,Unclassified,Unclassified,Unclassified,FALSE,Unknown,,
otu554,Streptophyta,Magnoliopsida,Unclassified,Unclassified,Unclassified,Unclassified,FALSE,Unknown,,
otu555,Streptophyta,Magnoliopsida,Unclassified,Unclassified,Unclassified,Unclassified,FALSE,Unknown,,
otu558,Streptophyta,Magnoliopsida,Unclassified,Unclassified,Unclassified,Unclassified,FALSE,Unknown,,
otu562,Streptophyta,Magnoliopsida,Unclassified,Unclassified,Unclassified,Unclassified,FALSE,Unknown,,
otu565,Streptophyta,Magnoliopsida,Unclassified,Unclassified,Unclassified,Unclassified,FALSE,Unknown,,
otu566,Streptophyta,Magnoliopsida,Unclassified,Unclassified,Unclassified,Unclassified,FALSE,Unknown,,
otu568,Streptophyta,Magnoliopsida,Unclassified,Unclassified,Unclassified,Unclassified,FALSE,Unknown,,
otu573,Streptophyta,Magnoliopsida,Unclassified,Unclassified,Unclassified,Unclassified,FALSE,Unknown,,
otu575,Streptophyta,Magnoliopsida,Unclassified,Unclassified,Unclassified,Unclassified,FALSE,Unknown,,
otu585,Streptophyta,Magnoliopsida,Unclassified,Unclassified,Unclassified,Unclassified,FALSE,Unknown,,
otu586,Streptophyta,Magnoliopsida,Unclassified,Unclassified,Unclassified,Unclassified,FALSE,Unknown,,
otu587,Streptophyta,Magnoliopsida,Unclassified,Unclassified,Unclassified,Unclassified,FALSE,Unknown,,
otu593,Streptophyta,Magnoliopsida,Unclassified,Unclassified,Unclassified,Unclassified,FALSE,Unknown,,
otu594,Streptophyta,Magnoliopsida,Unclassified,Unclassified,Unclassified,Unclassified,FALSE,Unknown,,
otu599,Streptophyta,Magnoliopsida,Unclassified,Unclassified,Unclassified,Unclassified,FALSE,Unknown,,
otu60,Streptophyta,Magnoliopsida,Unclassified,Unclassified,Unclassified,Unclassified,FALSE,Unknown,,
otu603,Streptophyta,Magnoliopsida,Unclassified,Unclassified,Unclassified,Unclassified,FALSE,Unknown,,
otu604,Streptophyta,Magnoliopsida,Unclassified,Unclassified,Unclassified,Unclassified,FALSE,Unknown,,
otu607,Streptophyta,Magnoliopsida,Unclassified,Unclassified,Unclassified,Unclassified,FALSE,Unknown,,
otu611,Streptophyta,Magnoliopsida,Unclassified,Unclassified,Unclassified,Unclassified,FALSE,Unknown,,
otu613,Streptophyta,Magnoliopsida,Unclassified,Unclassified,Unclassified,Unclassified,FALSE,Unknown,,
otu614,Streptophyta,Magnoliopsida,Unclassified,Unclassified,Unclassified,Unclassified,FALSE,Unknown,,
otu615,Streptophyta,Magnoliopsida,Unclassified,Unclassified,Unclassified,Unclassified,FALSE,Unknown,,
otu617,Streptophyta,Magnoliopsida,Unclassified,Unclassified,Unclassified,Unclassified,FALSE,Unknown,,
otu634,Streptophyta,Magnoliopsida,Unclassified,Unclassified,Unclassified,Unclassified,FALSE,Unknown,,
otu635,Streptophyta,Magnoliopsida,Unclassified,Unclassified,Unclassified,Unclassified,FALSE,Unknown,,
otu651,Streptophyta,Magnoliopsida,Unclassified,Unclassified,Unclassified,Unclassified,FALSE,Unknown,,
otu653,Streptophyta,Magnoliopsida,Unclassified,Unclassified,Unclassified,Unclassified,FALSE,Unknown,,
otu654,Streptophyta,Magnoliopsida,Unclassified,Unclassified,Unclassified,Unclassified,FALSE,Unknown,,
otu660,Streptophyta,Magnoliopsida,Unclassified,Unclassified,Unclassified,Unclassified,FALSE,Unknown,,
otu67,Streptophyta,Magnoliopsida,Unclassified,Unclassified,Unclassified,Unclassified,FALSE,Unknown,,
otu674,Streptophyta,Magnoliopsida,Unclassified,Unclassified,Unclassified,Unclassified,FALSE,Unknown,,
otu675,Streptophyta,Magnoliopsida,Unclassified,Unclassified,Unclassified,Unclassified,FALSE,Unknown,,
otu676,Streptophyta,Magnoliopsida,Unclassified,Unclassified,Unclassified,Unclassified,FALSE,Unknown,,
otu682,Streptophyta,Magnoliopsida,Unclassified,Unclassified,Unclassified,Unclassified,FALSE,Unknown,,
otu693,Streptophyta,Magnoliopsida,Unclassified,Unclassified,Unclassified,Unclassified,FALSE,Unknown,,
otu703,Streptophyta,Magnoliopsida,Unclassified,Unclassified,Unclassified,Unclassified,FALSE,Unknown,,
otu704,Streptophyta,Magnoliopsida,Unclassified,Unclassified,Unclassified,Unclassified,FALSE,Unknown,,
otu710,Streptophyta,Magnoliopsida,Unclassified,Unclassified,Unclassified,Unclassified,FALSE,Unknown,,
otu731,Streptophyta,Magnoliopsida,Unclassified,Unclassified,Unclassified,Unclassified,FALSE,Unknown,,
otu771,Streptophyta,Magnoliopsida,Unclassified,Unclassified,Unclassified,Unclassified,FALSE,Unknown,,
otu777,Streptophyta,Magnoliopsida,Unclassified,Unclassified,Unclassified,Unclassified,FALSE,Unknown,,
otu789,Streptophyta,Magnoliopsida,Unclassified,Unclassified,Unclassified,Unclassified,FALSE,Unknown,,
otu809,Streptophyta,Magnoliopsida,Unclassified,Unclassified,Unclassified,Unclassified,FALSE,Unknown,,
otu823,Streptophyta,Magnoliopsida,Unclassified,Unclassified,Unclassified,Unclassified,FALSE,Unknown,,
otu824,Streptophyta,Magnoliopsida,Unclassified,Unclassified,Unclassified,Unclassified,FALSE,Unknown,,
otu827,Streptophyta,Magnoliopsida,Unclassified,Unclassified,Unclassified,Unclassified,FALSE,Unknown,,
otu829,Streptophyta,Magnoliopsida,Unclassified,Unclassified,Unclassified,Unclassified,FALSE,Unknown,,
otu83,Streptophyta,Magnoliopsida,Unclassified,Unclassified,Unclassified,Unclassified,FALSE,Unknown,,
otu830,Streptophyta,Magnoliopsida,Unclassified,Unclassified,Unclassified,Unclassified,FALSE,Unknown,,
otu860,Streptophyta,Magnoliopsida,Unclassified,Unclassified,Unclassified,Unclassified,FALSE,Unknown,,
otu867,Streptophyta,Magnoliopsida,Unclassified,Unclassified,Unclassified,Unclassified,FALSE,Unknown,,
otu878,Streptophyta,Magnoliopsida,Unclassified,Unclassified,Unclassified,Unclassified,FALSE,Unknown,,
otu88,Streptophyta,Magnoliopsida,Unclassified,Unclassified,Unclassified,Unclassified,FALSE,Unknown,,
otu887,Streptophyta,Magnoliopsida,Unclassified,Unclassified,Unclassified,Unclassified,FALSE,Unknown,,
otu908,Streptophyta,Magnoliopsida,Unclassified,Unclassified,Unclassified,Unclassified,FALSE,Unknown,,
otu911,Streptophyta,Magnoliopsida,Unclassified,Unclassified,Unclassified,Unclassified,FALSE,Unknown,,
otu914,Streptophyta,Magnoliopsida,Unclassified,Unclassified,Unclassified,Unclassified,FALSE,Unknown,,
otu938,Streptophyta,Magnoliopsida,Unclassified,Unclassified,Unclassified,Unclassified,FALSE,Unknown,,
otu957,Streptophyta,Magnoliopsida,Unclassified,Unclassified,Unclassified,Unclassified,FALSE,Unknown,,
otu62,Streptophyta,Magnoliopsida,Rosales,Urticaceae,Urtica,Urtica dioica,FALSE,forb,,
otu25,Streptophyta,Magnoliopsida,Ericales,Ericaceae,Vaccinium,Unclassified,FALSE,shrub,,
otu49,Streptophyta,Magnoliopsida,Ericales,Ericaceae,Vaccinium,Unclassified,FALSE,shrub,,
otu839,Streptophyta,Magnoliopsida,Ericales,Ericaceae,Vaccinium,Unclassified,FALSE,shrub,,
otu916,Streptophyta,Magnoliopsida,Ericales,Ericaceae,Vaccinium,Unclassified,FALSE,shrub,,
otu499,Streptophyta,Magnoliopsida,Ericales,Ericaceae,Vaccinium,Vaccinium oxycoccos,FALSE,shrub,,
otu32,Streptophyta,Magnoliopsida,Ericales,Ericaceae,Vaccinium,Vaccinium vitis-idaea,FALSE,shrub,,
otu6,Streptophyta,Magnoliopsida,Ericales,Ericaceae,Vaccinium,Vaccinium vitis-idaea,FALSE,shrub,,
otu139,Streptophyta,Magnoliopsida,Lamiales,Plantaginaceae,Veronica,Unclassified,FALSE,forb,,
otu85,Streptophyta,Magnoliopsida,Lamiales,Plantaginaceae,Veronica,Veronica anagallis-aquatica,FALSE,forb,,
otu133,Streptophyta,Magnoliopsida,Malpighiales,Violaceae,Viola,Unclassified,FALSE,forb,,
otu36,Streptophyta,Magnoliopsida,Poales,Poaceae,Zea,Unclassified,FALSE,graminoid,,
otu40,Streptophyta,Magnoliopsida,Poales,Poaceae,Zea,Zea mays,TRUE,graminoid,corn,